﻿IDOSR201,Administration d'un environnement Cloud ,MOUWAFFAK
IDOSR202,Administration d'un environnement Cloud ,MOUWAFFAK
IDOSR203,Administration d'un environnement Cloud ,MOUWAFFAK
GE107,Compétences comportementales,DAOUDI
DEVOWFS202,Approche agile,NAOUAOUI
DEVOWFS203,Approche agile,NAOUAOUI
TSM201,Météo-aéronautique PARTIE II,ESSATRI
GEOCM201,Droit commercial,MSITEF
GE101,Comptabilité générale 1,FALAH
GE102,Comptabilité générale 1,FALAH
GE103,Comptabilité générale 1,FALAH
GE104,Comptabilité générale 1,MEFTAH
DEV103,Arabe, EL KHATTABI
DEV104,Arabe, EL KHATTABI
DEV105,Arabe, EL KHATTABI
DEV106,Arabe, EL KHATTABI
DEV107,Arabe, EL KHATTABI
DEV102,Compétences comportementales,BOUFTASS
DEV103,Français,FENTIS
DEV103,Compétences comportementales,BOUFTASS
DEV104,Compétences comportementales,BOUFTASS
DEV104,Français,FENTIS
DEV105,Compétences comportementales,BOUFTASS
DEV105,Français,FENTIS
DEVOWFS204,Approche agile,BAKAR
DEVOWFS205,Approche agile,BAKAR
TSM201,Télécommunication Météorologique,MELLOUKI
DEVOWFS206,Approche agile,BAKAR
DEVOWFS201,Création d'une application Cloud native,FKAIRAT
DEVOWFS202,Création d'une application Cloud native,FKAIRAT
DEVOWFS203,Création d'une application Cloud native,FKAIRAT
DEVOWFS204,Création d'une application Cloud native,MERBOUH
GEOCF201,Analyse financière,EL BAYED SAKALI
GEOCF202,Analyse financière,EL BAYED SAKALI
GEOCF203,Analyse financière,EL BAYED SAKALI
GEOCF201,Comptabilité approfondie,MOUHADDAB
GEOCF202,Comptabilité approfondie,MOUHADDAB
TSM201,"Observation (Nuage,Code, Message, DOC OBS) )  PARTIE II",BOUBKRI
DEVOWFS205,Création d'une application Cloud native,MERBOUH
DEVOWFS206,Création d'une application Cloud native,MERBOUH
DEV101,Culture entrepreneuriale,RIHAB
DEV102,Culture entrepreneuriale,RIHAB
DEV103,Culture entrepreneuriale,non
DEV104,Culture entrepreneuriale,non
DEV105,Culture entrepreneuriale,MORJANE
DEV106,Culture entrepreneuriale,MORJANE
DEVOWFS201,Compétences comportementales,BOUFTASS
DEVOWFS202,Compétences comportementales,BOUFTASS
DEVOWFS203,Compétences comportementales,BOUFTASS
DEVOWFS204,Compétences comportementales,BOUFTASS
DEV106,Compétences comportementales,BOUFTASS
DEV106,Français,FENTIS
DEV107,Compétences comportementales,BOUFTASS
DEV107,Français,FENTIS
GEOCM201,Compétences comportementales,BOUFTASS
GEOCM202,Compétences comportementales,BOUFTASS
GEOCF201,Compétences comportementales,BOUFTASS
GEOCF202,Compétences comportementales,BOUFTASS
GEOCF203,Compétences comportementales,BOUFTASS
GEOCF302,Audit comptable et financier,EL BAYED SAKALI
GEOCF304,Audit comptable et financier,EL BAYED SAKALI
GEOCF301,Compétences comportementales,BOUFTASS
GEOCF301,Français,FENTIS
IDOSR201,Administration d'un environnement Windows,ABIDAR
IDOSR202,Administration d'un environnement Windows,ABIDAR
IDOSR203,Administration d'un environnement Windows,ABIDAR
TSM201,Compétences comportementales,BOUFTASS
DEV107,Culture entrepreneuriale,MORJANE
DEVOWFS205,Compétences comportementales,BOUFTASS
DEVOWFS206,Compétences comportementales,BOUFTASS
GE101,Compétences comportementales,BOUFTASS
GEOCM201,Compétences comportementales,BOUFTASS
GE105,Comptabilité générale 1,MEFTAH
GE106,Comptabilité générale 1,MEFTAH
GE107,Comptabilité générale 1,EL BAYED SAKALI
GEOCF203,Comptabilité approfondie,MOUHADDAB
GEOCF201,Contrôle de gestion - Comptabilité analytique d'exploitation ,EL BAYED SAKALI
GEOCF202,Contrôle de gestion - Comptabilité analytique d'exploitation ,EL BAYED SAKALI
ID103,Culture entrepreneuriale,FALAH
ID104,Gestion de l'infrastructure virtualisée ,ABIDAR
ID105,Gestion de l'infrastructure virtualisée ,ABIDAR
ID101,Automatisation des tâches d'administration,SOUITA
IDOSR201,Administration d'un environnement Linux ,KABBADJ
IDOSR202,Administration d'un environnement Linux ,KABBADJ
IDOSR203,Administration d'un environnement Linux ,KABBADJ
IDOSR201,Mise en place d’une infrastructure réseaux,KABBADJ
IDOSR202,Mise en place d’une infrastructure réseaux,KABBADJ
IDOSR203,Mise en place d’une infrastructure réseaux,KABBADJ
ID104,Automatisation des tâches d'administration,MOUWAFFAK
ID105,Automatisation des tâches d'administration,MOUWAFFAK
DEVOWFS201,Anglais technique,KHAOUTEM
ID104,Conception d'un réseau informatique ,MOUWAFFAK
ID105,Conception d'un réseau informatique ,MOUWAFFAK
ID101,Culture et techniques avancées du numérique,SIWANE
ID102,Culture et techniques avancées du numérique,SIWANE
ID103,Culture et techniques avancées du numérique,SIWANE
ID104,Culture et techniques avancées du numérique,SIWANE
ID105,Culture et techniques avancées du numérique,SIWANE
ID104,Fonctionnement du système d'exploitation ,MOUWAFFAK
GEOCM202,Droit commercial,MSITEF
GEOCM201,Droit commercial,MSITEF
GEOCM201,E-commerce,MABROUK
GEOCM202,E-commerce,MABROUK
DEVOWFS201,Culture entrepreneuriale,SNINY
DEVOWFS202,Culture entrepreneuriale,SNINY
DEVOWFS203,Culture entrepreneuriale,SNINY
DEVOWFS204,Culture entrepreneuriale,SNINY
DEVOWFS205,Culture entrepreneuriale,SNINY
DEVOWFS206,Culture entrepreneuriale,SNINY
DEV101,Culture et techniques avancées du numérique,BAKAR
DEV102,Culture et techniques avancées du numérique,BAKAR
DEV103,Culture et techniques avancées du numérique,NAOUAOUI
DEV104,Culture et techniques avancées du numérique,NAOUAOUI
DEV105,Culture et techniques avancées du numérique,ERRAJI
DEV106,Culture et techniques avancées du numérique,ERRAJI
DEV107,Culture et techniques avancées du numérique,ERRAJI
DEVOWFS201,Culture et techniques avancées du numérique,EL HAKIKI
DEVOWFS202,Culture et techniques avancées du numérique,EL HAKIKI
GEOCM201,Bureautique,KHARMOUDY
GEOCM201,Bureautique,KHARMOUDY
DEVOWFS203,Culture et techniques avancées du numérique,EL HAKIKI
GE108,Compétences comportementales,DAOUDI
GE102,Compétences comportementales,BOUFTASS
GE108,Comptabilité générale 1,EL BAYED SAKALI
GE101,Comptabilité générale 2,FALAH
GE102,Comptabilité générale 2,FALAH
GEOCF203,Contrôle de gestion - Comptabilité analytique d'exploitation ,EL BAYED SAKALI
GEOCF201,Contrôle de gestion- budgets et tableau de bord,ALAOUI SOULIMANI
GEOCF202,Contrôle de gestion- budgets et tableau de bord,ALAOUI SOULIMANI
GE103,Comptabilité générale 2,FALAH
GE104,Comptabilité générale 2,MEFTAH
GEOCF203,Contrôle de gestion- budgets et tableau de bord,ALAOUI SOULIMANI
GEOCF203,Culture entrepreneuriale,non
GE105,Comptabilité générale 2,MEFTAH
GE106,Comptabilité générale 2,MEFTAH
GE107,Comptabilité générale 2,JENNAT
GE108,Comptabilité générale 2,JENNAT
GEOCF201,Culture entrepreneuriale,non
GEOCF202,Culture entrepreneuriale,non
GE101,Ecrits professionnels,BENHILAL
GE101,Culture entrepreneuriale,FALAH
GEOCM201,Culture entrepreneuriale,RIHAB
GEOCM202,Culture entrepreneuriale,RIHAB
GEOCM201,Culture entrepreneuriale,RIHAB
ID101,Culture entrepreneuriale,RIHAB
ID102,Culture entrepreneuriale,RIHAB
ID104,Culture entrepreneuriale,RIHAB
ID105,Culture entrepreneuriale,RIHAB
GE102,Culture entrepreneuriale,MORJANE
GE103,Culture entrepreneuriale,RIHAB
GE104,Culture entrepreneuriale,non
GE105,Culture entrepreneuriale,non
GE106,Culture entrepreneuriale,non
GE107,Culture entrepreneuriale,non
GE108,Culture entrepreneuriale,non
GE101,Culture et techniques avancées du numérique,KHARMOUDY
DEVOWFS204,Culture et techniques avancées du numérique,EL ALAMI
DEVOWFS205,Culture et techniques avancées du numérique,EL ALAMI
GE102,Culture et techniques avancées du numérique,KHARMOUDY
GEOCM201,Culture et techniques avancées du numérique,KHARMOUDY
GEOCM202,Culture et techniques avancées du numérique,KHARMOUDY
GEOCM201,Culture et techniques avancées du numérique,KHARMOUDY
DEVOWFS206,Culture et techniques avancées du numérique,EL ALAMI
DEVOWFS201,Développement back-end,EL HAKIKI
ID105,Fonctionnement du système d'exploitation ,MOUWAFFAK
ID102,Automatisation des tâches d'administration,SOUITA
DEVOWFS202,Anglais technique,KHAOUTEM
DEVOWFS203,Anglais technique,KHAOUTEM
IDOSR201,Compétences comportementales,BOUFTASS
IDOSR202,Compétences comportementales,BOUFTASS
IDOSR203,Compétences comportementales,BOUFTASS
IDOSR201,Culture entrepreneuriale,RIHAB
IDOSR202,Culture entrepreneuriale,RIHAB
IDOSR203,Culture entrepreneuriale,RIHAB
ID103,Automatisation des tâches d'administration,SOUITA
ID101,Conception d'un réseau informatique ,SOUITA
GE103,Compétences comportementales,BOUFTASS
GE102,Ecrits professionnels,BENHILAL
GE104,Compétences comportementales,BOUFTASS
GE103,Culture et techniques avancées du numérique,KHARMOUDY
GE104,Culture et techniques avancées du numérique,KHARMOUDY
GE105,Culture et techniques avancées du numérique,KHARMOUDY
GE106,Culture et techniques avancées du numérique,KHARMOUDY
GE107,Culture et techniques avancées du numérique,KHARMOUDY
GE108,Culture et techniques avancées du numérique,KHARMOUDY
GE103,Ecrits professionnels,BENHILAL
DEVOWFS201,Français,FENTIS
DEVOWFS202,Français,FENTIS
DEVOWFS203,Français,FENTIS
DEVOWFS204,Français,BENHILAL
DEVOWFS205,Français,BENHILAL
DEVOWFS206,Français,BENHILAL
GE105,Compétences comportementales,BOUFTASS
DEVOWFS202,Développement back-end,EL HAKIKI
GE101,Droit fondamental,DAHIBA
GE102,Droit fondamental,DAHIBA
GE104,Ecrits professionnels,DAOUDI
GEOCM201,E-commerce,MABROUK
GEOCM201,Logiciel Sphinx,MABROUK
GEOCM202,Logiciel Sphinx,MABROUK
GEOCM201,Logiciel Sphinx,MABROUK
GEOCM201,Management de la force de vente,MSITEF
GEOCM202,Management de la force de vente,MSITEF
GEOCM203,Management de la force de vente,MSITEF
GEOCM301,Management de la relation client,MSITEF
GEOCM302,Management de la relation client,MSITEF
GE103,Droit fondamental,DAHIBA
GE104,Droit fondamental,DAHIBA
GE105,Droit fondamental,non
GE106,Droit fondamental,non
GE107,Droit fondamental,non
GE108,Droit fondamental,non
GE105,Ecrits professionnels,DAOUDI
GE106,Ecrits professionnels,DAOUDI
GE107,Ecrits professionnels,DAOUDI
GE101,Anglais technique,KHAOUTEM
GE102,Anglais technique,KHAOUTEM
GE103,Anglais technique,KHAOUTEM
GE104,Anglais technique,KHAOUTEM
GEOCF302,Compétences comportementales,BOUFTASS
GEOCF302,Français,FENTIS
GEOCF303,Compétences comportementales,BOUFTASS
GE108,Ecrits professionnels,DAOUDI
GEOCM201,Anglais technique,KHAOUTEM
GEOCM201,Anglais technique,KHAOUTEM
GEOCM202,Anglais technique,KHAOUTEM
TSM201,Anglais technique,KHAOUTEM
DEVOWFS203,Développement back-end,EL HAKIKI
ID102,Conception d'un réseau informatique ,SOUITA
ID103,Conception d'un réseau informatique ,SOUITA
IDOSR201,Culture et techniques avancées du numérique,KHARMOUDY
DEVOWFS204,Développement back-end,EL ALAMI
DEVOWFS205,Développement back-end,EL ALAMI
GE105,Anglais technique,FAHIL
GE106,Anglais technique,FAHIL
DEV101,Français,DAOUDI
DEV102,Français,DAOUDI
GE101,Français,DAOUDI
GE102,Français,DAOUDI
GE103,Français,DAOUDI
GE104,Français,DAOUDI
GE105,Français,DAOUDI
GE101,Gestion électronique des données,BENHILAL
GE106,Français,DAOUDI
GE107,Français,DAOUDI
GE108,Français,DAOUDI
GEOCF201,Français,FENTIS
GE102,Gestion électronique des données,BENHILAL
GE103,Gestion électronique des données,BENHILAL
ID101,Compétences comportementales,FENTIS
ID101,Français,FENTIS
TSM201,Analyse et prévision,MFEDDAL
IDOSR201,Enjeux de la technologie SDN,MOUWAFFAK
GE104,Gestion électronique des données,BENHILAL
GE105,Gestion électronique des données,BENHILAL
GEOCF201,Culture et techniques avancées du numérique,KHARMOUDY
GEOCF202,Culture et techniques avancées du numérique,KHARMOUDY
GEOCF203,Culture et techniques avancées du numérique,KHARMOUDY
GEOCF201,Droit des affaires,non
GEOCF202,Français,FENTIS
GEOCF203,Français,FENTIS
GEOCF303,Français,DAOUDI
GEOCF304,Compétences comportementales,BOUFTASS
GE106,Gestion électronique des données,BENHILAL
GE107,Gestion électronique des données,BENHILAL
GEOCM201,Marketing digital ,TAMTAMAOUY
GEOCM202,Marketing digital ,TAMTAMAOUY
GEOCM201,Marketing digital ,TAMTAMAOUY
GE108,Gestion électronique des données,BENHILAL
GEOCM201,Marketing international,MABROUK
GEOCM202,Marketing international,MABROUK
GEOCM201,Marketing international,MABROUK
GEOCM201,Merchandising,MABROUK
GEOCM202,Merchandising,MABROUK
GEOCM201,Merchandising,MABROUK
GE101,"Logiciel de Gestion Commerciale, Comptable",TAJEDDINE
GEOCM302,Simulation d'entreprise,MABROUK
DEVOWFS206,Développement back-end,EL ALAMI
DEVOWFS201,Développement front-end,EL HAKIKI
DEVOWFS202,Développement front-end,EL HAKIKI
DEVOWFS203,Développement front-end,EL HAKIKI
DEVOWFS204,Développement front-end,EL ALAMI
DEVOWFS205,Développement front-end,EL ALAMI
GE101,Arabe, EL KHATTABI
GE102,Arabe, EL KHATTABI
GE103,Arabe, EL KHATTABI
GE104,Arabe, EL KHATTABI
GE105,Arabe, EL KHATTABI
GE106,Arabe, EL KHATTABI
GE107,Arabe, EL KHATTABI
GE108,Arabe, EL KHATTABI
ID101,Arabe, EL KHATTABI
DEVOWFS206,Développement front-end,EL ALAMI
ID102,Arabe, EL KHATTABI
ID103,Arabe, EL KHATTABI
ID104,Arabe, EL KHATTABI
ID105,Arabe, EL KHATTABI
METEO101,Arabe, EL KHATTABI
METEO102,Arabe, EL KHATTABI
DEV101,Entrepreneuriat-PIE 1,ZERRARI
DEV102,Entrepreneuriat-PIE 1,ZERRARI
DEV103,Entrepreneuriat-PIE 1,ZERRARI
DEV104,Entrepreneuriat-PIE 1,ZERRARI
DEV105,Entrepreneuriat-PIE 1,ZERRARI
DEV106,Entrepreneuriat-PIE 1,ZERRARI
DEV107,Entrepreneuriat-PIE 1,ZERRARI
GE107,Anglais technique,FAHIL
GE108,Anglais technique,FAHIL
GEOCF201,Anglais technique,FAHIL
GEOCF202,Anglais technique,FAHIL
GEOCF203,Anglais technique,FAHIL
GEOCM301,Anglais technique,FAHIL
GEOCM302,Anglais technique,FAHIL
ID101,Anglais technique,FAHIL
ID102,Anglais technique,FAHIL
ID103,Anglais technique,FAHIL
ID104,Anglais technique,FAHIL
GEOCF304,Français,DAOUDI
ID105,Anglais technique,FAHIL
IDOSR201,Anglais technique,FAHIL
IDOSR202,Anglais technique,FAHIL
IDOSR203,Anglais technique,FAHIL
GEOCF303,Logiciel de gestion des immobilisations des déclarations fiscales,
GEOCF302,Logiciel de gestion des immobilisations des déclarations fiscales,
TSM201,Météo-marine,AITAAMEL
TSM201,Climatologie de base,AITAAMEL
GE102,"Logiciel de Gestion Commerciale, Comptable",TAJEDDINE
GE103,"Logiciel de Gestion Commerciale, Comptable",TAJEDDINE
GE104,"Logiciel de Gestion Commerciale, Comptable",TAJEDDINE
GE105,"Logiciel de Gestion Commerciale, Comptable",TAJEDDINE
GE106,"Logiciel de Gestion Commerciale, Comptable",TAJEDDINE
GE107,"Logiciel de Gestion Commerciale, Comptable",TAJEDDINE
GEOCF202,Droit des affaires,non
GEOCF203,Droit des affaires,non
GEOCM301,Compétences comportementales,BOUFTASS
GEOCM201,Français,BENHILAL
GEOCM202,Français,BENHILAL
GEOCM203,Français,BENHILAL
GEOCM301,Français,BENHILAL
GEOCM302,Compétences comportementales,BOUFTASS
DEVOWFS201,Gestion des données,ASCOUR
DEVOWFS202,Gestion des données,ASCOUR
DEVOWFS203,Gestion des données,ASCOUR
DEVOWFS204,Gestion des données,HAQAY
DEVOWFS205,Gestion des données,HAQAY
DEVOWFS206,Gestion des données,HAQAY
DEV101,Les bases de l'algorithmique,ESSOUFIANI
DEV102,Les bases de l'algorithmique,ESSOUFIANI
DEV103,Les bases de l'algorithmique,EL MADANI
DEV104,Les bases de l'algorithmique,EL MADANI
DEV105,Les bases de l'algorithmique,ERRAJI
DEV106,Les bases de l'algorithmique,ERRAJI
DEV107,Les bases de l'algorithmique,ERRAJI
DEV101,Manipulation des bases de données,ESSOUFIANI
GE108,"Logiciel de Gestion Commerciale, Comptable",TAJEDDINE
GE101,Management des organisations,FALAH
GE102,Management des organisations,FALAH
GE103,Management des organisations,MEFTAH
GE104,Management des organisations,MEFTAH
GE105,Management des organisations,MEFTAH
DEV102,Manipulation des bases de données,ESSOUFIANI
DEV103,Manipulation des bases de données,EL MADANI
DEV104,Manipulation des bases de données,EL MADANI
GEOCF201,Bureautique avancée,KHARMOUDY
DEV105,Manipulation des bases de données,HAQAY
TSM201,Physique de l'atmosphere PARTIE II,EL HAMLY
DEV106,Manipulation des bases de données,HAQAY
DEV107,Manipulation des bases de données,HAQAY
DEV101,Métier et formation en développement digital,HAQAY
DEV102,Métier et formation en développement digital,HAQAY
DEV103,Métier et formation en développement digital,HAQAY
DEV104,Métier et formation en développement digital,HAQAY
DEV105,Métier et formation en développement digital,HAQAY
DEV106,Métier et formation en développement digital,HAQAY
DEV107,Métier et formation en développement digital,HAQAY
ID101,Gestion de l'infrastructure virtualisée ,KABBADJ
ID102,Gestion de l'infrastructure virtualisée ,KABBADJ
ID103,Gestion de l'infrastructure virtualisée ,KABBADJ
IDOSR202,Culture et techniques avancées du numérique,KHARMOUDY
IDOSR203,Culture et techniques avancées du numérique,KHARMOUDY
ID101,Les enjeux d'un système d'information ,SIWANE
IDOSR202,Enjeux de la technologie SDN,MOUWAFFAK
IDOSR203,Enjeux de la technologie SDN,MOUWAFFAK
GEOCM302,Français,BENHILAL
ID102,Compétences comportementales,FENTIS
GEOCF201,Fiscalité de l'entreprise,ZIGHIGHI
DEVOWFS201,Préparation d'un projet web,EL HAKIKI
GE106,Management des organisations,MABROUK
GEOCF202,Fiscalité de l'entreprise,ZIGHIGHI
GEOCF203,Fiscalité de l'entreprise,ZIGHIGHI
GEOCF201,Mathématiques financières,MOZHER
GEOCF202,Mathématiques financières,MOZHER
GEOCF203,Mathématiques financières,MOZHER
GEOCF201,Pratique de la paie,JENNAT
GEOCF304,Logiciel de gestion des immobilisations des déclarations fiscales,
GEOCF301,Logiciel de gestion des immobilisations des déclarations fiscales,
GEOCF301,Normes comptables internationales,EL AKILI
GEOCF302,Normes comptables internationales,EL AKILI
GEOCF303,Normes comptables internationales,EL AKILI
DEVOWFS202,Préparation d'un projet web,EL HAKIKI
DEVOWFS203,Préparation d'un projet web,EL HAKIKI
DEVOWFS204,Préparation d'un projet web,EL ALAMI
DEVOWFS205,Préparation d'un projet web,EL ALAMI
DEVOWFS206,Préparation d'un projet web,EL ALAMI
DEV101,Programmation JavaScript,ESSOUFIANI
DEV102,Programmation JavaScript,ESSOUFIANI
DEV103,Programmation JavaScript,EL MADANI
DEV104,Programmation JavaScript,EL MADANI
DEV105,Programmation JavaScript,ASCOUR
DEV106,Programmation JavaScript,ASCOUR
GEOCM201,Gestion des approvisionnements,FARHAT
GEOCM202,Gestion des approvisionnements,FARHAT
GEOCM201,Gestion des approvisionnements,FARHAT
DEV107,Programmation JavaScript,ASCOUR
ID102,Les enjeux d'un système d'information ,SIWANE
ID103,Les enjeux d'un système d'information ,SIWANE
ID104,Les enjeux d'un système d'information ,SIWANE
ID105,Les enjeux d'un système d'information ,SIWANE
ID101,Fonctionnement du système d'exploitation ,SOUITA
ID102,Métier et formation en infrastructure digital,ABIDAR
ID103,Métier et formation en infrastructure digital,KABBADJ
ID102,Fonctionnement du système d'exploitation ,SOUITA
ID103,Fonctionnement du système d'exploitation ,SOUITA
ID102,Français,FENTIS
ID101,Sécurité des systèmes d'information,ABIDAR
ID101,Processus et outils de veille technologique,SIWANE
ID102,Processus et outils de veille technologique,SIWANE
ID103,Processus et outils de veille technologique,SIWANE
ID104,Processus et outils de veille technologique,SIWANE
ID105,Processus et outils de veille technologique,SIWANE
ID102,Sécurité des systèmes d'information,ABIDAR
GE107,Management des organisations,MABROUK
GE108,Management des organisations,MABROUK
GE101,Marketing,MSITEF
GE102,Marketing,MSITEF
GE103,Marketing,MSITEF
GEOCM301,Simulation d'entreprise,MSITEF
GEOCF202,Bureautique avancée,TAMTAMAOUY
GEOCM201,Techniques de vente et de négociation,MSITEF
GE104,Marketing,MSITEF
GEOCM202,Techniques de vente et de négociation,MSITEF
GE105,Marketing,MSITEF
GEOCM301,Techniques du commerce international,MABROUK
GEOCM302,Techniques du commerce international,MABROUK
GEOCM201,Trade marketing,MABROUK
GEOCM202,Trade marketing,MABROUK
GEOCM201,Trade marketing,MABROUK
DEV101,Programmation Orienté Objet,ESSOUFIANI
DEV102,Programmation Orienté Objet,ESSOUFIANI
DEV103,Programmation Orienté Objet,EL MADANI
DEV104,Programmation Orienté Objet,EL MADANI
DEV105,Programmation Orienté Objet,ERRAJI
DEV106,Programmation Orienté Objet,ERRAJI
GE106,Marketing,MSITEF
ID103,Compétences comportementales,FENTIS
GE107,Marketing,MSITEF
GE108,Marketing,MSITEF
GE101,Métier et formation,FALAH
GE102,Métier et formation,FALAH
ID103,Français,FENTIS
GE103,Métier et formation,ZERRARI
DEV107,Programmation Orienté Objet,ERRAJI
GE104,Métier et formation,ZERRARI
ID104,Compétences comportementales,FENTIS
GE105,Métier et formation,ZERRARI
TSM201,Météorologie Sectorielle,MEJDOUL
ID103,Sécurité des systèmes d'information,ABIDAR
ID104,Sécurité des systèmes d'information,ABIDAR
ID105,Sécurité des systèmes d'information,ABIDAR
IDOSR201,Sécurité d'une infrastrcutre digitale,ABIDAR
IDOSR201,Gestion d'un projet d'infrastruture digitale,SOUITA
IDOSR202,Gestion d'un projet d'infrastruture digitale,SOUITA
IDOSR203,Gestion d'un projet d'infrastruture digitale,SOUITA
ID101,Métier et formation en infrastructure digital,ZERRARI
IDOSR202,Sécurité d'une infrastrcutre digitale,ABIDAR
IDOSR203,Sécurité d'une infrastrcutre digitale,ABIDAR
DEVOWFS201,Projet de synthèse,EL HAKIKI
DEVOWFS202,Projet de synthèse,EL HAKIKI
DEVOWFS203,Projet de synthèse,EL HAKIKI
DEVOWFS204,Projet de synthèse,EL ALAMI
DEVOWFS205,Projet de synthèse,EL ALAMI
DEVOWFS206,Projet de synthèse,EL ALAMI
DEV101,Sécurité des systèmes d'information,SIWANE
DEV102,Sécurité des systèmes d'information,SIWANE
DEV103,Sécurité des systèmes d'information,SIWANE
DEV104,Sécurité des systèmes d'information,SIWANE
DEV105,Sécurité des systèmes d'information,SIWANE
DEV106,Sécurité des systèmes d'information,SIWANE
DEV107,Sécurité des systèmes d'information,SIWANE
DEV101,Sites Web dynamiques,ESSOUFIANI
DEV102,Sites Web dynamiques,ESSOUFIANI
GE106,Métier et formation,ZERRARI
GEOCM201,Droit du travail ,MORJANE
GEOCM202,Droit du travail ,MORJANE
GEOCM201,Droit du travail ,MORJANE
ID104,Métier et formation en infrastructure digital,ZERRARI
ID105,Métier et formation en infrastructure digital,ZERRARI
DEV103,Sites Web dynamiques,EL MADANI
DEV104,Sites Web dynamiques,EL MADANI
ID104,Français,FENTIS
ID105,Compétences comportementales,FENTIS
ID105,Français,FENTIS
IDOSR201,Français,BENHILAL
IDOSR202,Français,BENHILAL
IDOSR203,Français,BENHILAL
TSM201,Français,BENHILAL
DEV105,Sites Web dynamiques,ASCOUR
GE107,Métier et formation,ZERRARI
GE108,Métier et formation,ZERRARI
GEOCF202,Pratique de la paie,JENNAT
GEOCF304,Normes comptables internationales,EL AKILI
GEOCF303,Simulation de gestion d'entreprise,ALAOUI SOULIMANI
GEOCF304,Simulation de gestion d'entreprise,ALAOUI SOULIMANI
GEOCF301,Simulation de gestion d'entreprise,EL BAYED SAKALI
TSM201,Culture entrepreneuriale,ZERRARI
GE101,Statistique,FALAH
GE102,Statistique,FALAH
GEOCM201,Techniques de vente et de négociation,MSITEF
GE103,Statistique,JIRAOUI
GE104,Statistique,JIRAOUI
GEOCF203,Pratique de la paie,JENNAT
GEOCF302,Simulation de gestion d'entreprise,EL BAYED SAKALI
GE105,Statistique,JIRAOUI
GE106,Statistique,JIRAOUI
TSM201,Télédetection (theorique et pratique),SAOURI
DEV106,Sites Web dynamiques,ASCOUR
DEV107,Sites Web dynamiques,ASCOUR
DEV101,Sites Web statiques,FKAIRAT
GE107,Statistique,JENNAT
DEV102,Sites Web statiques,MERBOUH
DEV103,Sites Web statiques,HAQAY
DEV104,Sites Web statiques,HAQAY
DEV105,Sites Web statiques,ERRAJI
DEV106,Sites Web statiques,ERRAJI
DEV107,Sites Web statiques,ERRAJI
GE108,Statistique,JENNAT
GEOCM202,Bureautique,KHARMOUDY
GEOCF203,Bureautique avancée,KHARMOUDY
TSM201,Culture et techniques intermédiaires du numérique,KHARMOUDY
AA101,Anglais technique, BOUZIAN 
AA101,Marketing fondamental, MERS 
AA101,Comptabilité Générale : concepts de base et opérations courantes, NABIL 
AA101,Entrepreneuriat-PIE 1,
AA101,Français, SANAR 
AA101,Compétences comportementales, BENZAKOUR 
AA101,Culture et techniques avancées du numérique, TRANKILO 
AA101,Arabe, KHATTABI 
AA101,Gestion documentaire, EL ARCHI 
AA101,Entreprise et son environnement, MERS 
AA101,Ecrits professionnels, CHAKIK 
AA101,Techniques Quantitative de Gestion, LECHGUER 
AA101,Introduction au droit, AYMAN 
AA101,Techniques d’accueil, BENZAKOUR 
AA101,Métiers et formation dans le secteur GC, MERS 
AA101,Logiciel comptable et commercial , NAJAH 
AA101,Culture entrepreneuriale, ESSAKHI 
AA102,Anglais technique, BOUZIAN 
AA102,Marketing fondamental, MERS 
AA102,Comptabilité Générale : concepts de base et opérations courantes, NABIL 
AA102,Entrepreneuriat-PIE 1,
AA102,Français, SANAR 
AA102,Compétences comportementales, BENZAKOUR 
AA102,Culture et techniques avancées du numérique, TRANKILO 
AA102,Arabe, KHATTABI 
AA102,Gestion documentaire, EL ARCHI 
AA102,Entreprise et son environnement, MERS 
AA102,Ecrits professionnels, CHAKIK 
AA102,Techniques Quantitative de Gestion, LECHGUER 
AA102,Introduction au droit, AYMAN 
AA102,Techniques d’accueil, BENZAKOUR 
AA102,Métiers et formation dans le secteur GC, ESSAKHI 
AA102,Logiciel comptable et commercial , NAJAH 
AA102,Culture entrepreneuriale, ESSAKHI 
AA103,Anglais technique, BOUZIAN 
AA103,Marketing fondamental, MOUSSADDAD 
AA103,Comptabilité Générale : concepts de base et opérations courantes, NABIL 
AA103,Entrepreneuriat-PIE 1,
AA103,Français, SANAR 
AA103,Compétences comportementales, BENZAKOUR 
AA103,Culture et techniques avancées du numérique, TRANKILO 
AA103,Arabe, KHATTABI 
AA103,Gestion documentaire, ALAOUI 
AA103,Entreprise et son environnement, MERS 
AA103,Ecrits professionnels, CHAKIK 
AA103,Techniques Quantitative de Gestion, LECHGUER 
AA103,Introduction au droit, AYMAN 
AA103,Techniques d’accueil, BENZAKOUR 
AA103,Métiers et formation dans le secteur GC, ESSAKHI 
AA103,Logiciel comptable et commercial , NAJAH 
AA103,Culture entrepreneuriale, ESSAKHI 
AAOCP_T201,Droit de travail, ESSAKHI 
AAOCP_T201,Français, ATID 
AAOCP_T201,Culture et techniques avancées du numérique, TRANKILO 
AAOCP_T201,Anglais technique, BOUZIAN 
AAOCP_T201,Compétences comportementales, BENNANI 
AAOCP_T201,Bureautique avancée , TRANKILO 
AAOCP_T201,Gestion de caisse et des régies d'avance, JARMOUZE 
AAOCP_T201,Comptabilité des sociétés, LOTFI 
AAOCP_T201,Mathématiques financières, JARMOUZE 
AAOCP_T201,Comptabilité analytique , RAHIBI 
AAOCP_T201,Fiscalité de l'entreprise, MESKINI 
AAOCP_T201,Comptabilité générale : Travaux de fin d'exercice, BOUSRY 
AAOCP_T201,Gestion de la paie , RAHIBI 
AAOCP_T201,Culture entrepreneuriale, AMISSI 
AAOCP_T301,Français, ATID 
AAOCP_T301,Anglais technique, BOUZIAN 
AAOCP_T301,Compétences comportementales, BENNANI 
AAOCP_T301,Analyse financière, BOUSRY 
AAOCP_T301,Budgets et tableau de bord, BOUSRY 
AAOCP_T301,"Stage de fin de formation	", NABIL 
AAOCP_T301,Simulation de gestion d'entreprise, NABIL 
AAOCP_T302,Français, ATID 
AAOCP_T302,Anglais technique, BOUZIAN 
AAOCP_T302,Compétences comportementales, BENNANI 
AAOCP_T302,Analyse financière, BOUSRY 
AAOCP_T302,Budgets et tableau de bord, BOUSRY 
AAOCP_T302,"Stage de fin de formation	", NABIL 
AAOCP_T302,Simulation de gestion d'entreprise, NABIL 
AAOG_T201,Anglais technique, BOUZIAN 
AAOG_T201,Correspondance en français, NAJI 
AAOG_T201,Gestion des agendas, NAJI 
AAOG_T201,Techniques de prise de notes, NAJI 
AAOG_T201,Correspondance en arabe, KHATTABI 
AAOG_T201,Gestion administrative du personnel, BANAILLE 
AAOG_T201,Comptabilité analytique, BOUSRY 
AAOG_T201,Comptabilité générale :Travaux de fin d'exercice, BOUFARES 
AAOG_T201,Compétences comportementales, BENNANI 
AAOG_T201,Français, ATID 
AAOG_T201,Pratique de la paie, LOTFI 
AAOG_T201,Culture et techniques avancées du numérique, TRANKILO 
AAOG_T201,Bureautique avancée, TRANKILO 
AAOG_T201,Droit de travail, ESSAKHI 
AAOG_T201,Culture entrepreneuriale, HAMEDDINE 
AAOG_T301,Anglais technique, BOUZIAN 
AAOG_T301,"Stage de fin de formation	", BOUFARES 
AAOG_T301,Compétences comportementales, BENNANI 
AAOG_T301,Français, ATID 
AAOG_T301,Gestion des Stocks, ESSAKHI 
AAOG_T301,Simulation de gestion d'entreprise, LOUAIDI 
AAOG_T302,Anglais technique, BOUZIAN 
AAOG_T302,"Stage de fin de formation	", BOUFARES 
AAOG_T302,Compétences comportementales, BENNANI 
AAOG_T302,Français, ATID 
AAOG_T302,Gestion des Stocks, ESSAKHI 
AAOG_T302,Simulation de gestion d'entreprise, LOUAIDI 
CF201,Droit des affaires, NABIL 
CF201,Anglais technique, BOUZIAN 
CF201,Français, ATID 
CF201,Entrepreneuriat-PIE 2,
CF201,Culture et techniques avancées du numérique, TRANKILO 
CF201,Analyse financière, BOUFARES 
CF201,Contrôle de gestion- budgets et tableau de bord, LAZREK 
CF201,Fiscalité de l'entreprise, MESKINI 
CF201,Comptabilité approfondie, LAZREK 
CF201,Contrôle de gestion - Comptabilité analytique d'exploitation , LOTFI 
CF201,Bureautique avancée, TRANKILO 
CF201,Mathématiques financières, LOTFI 
CF201,Pratique de la paie, BOUFARES 
CF201,Culture entrepreneuriale, ESSADIK 
CF201,Compétences comportementales, BENNANI 
CF202,Droit des affaires, NABIL 
CF202,Anglais technique, BOUZIAN 
CF202,Français, ATID 
CF202,Entrepreneuriat-PIE 2,
CF202,Culture et techniques avancées du numérique, TRANKILO 
CF202,Analyse financière, BOUFARES 
CF202,Contrôle de gestion- budgets et tableau de bord, LAZREK 
CF202,Fiscalité de l'entreprise, LOTFI 
CF202,Comptabilité approfondie, LAZREK 
CF202,Contrôle de gestion - Comptabilité analytique d'exploitation , LOTFI 
CF202,Bureautique avancée, TRANKILO 
CF202,Mathématiques financières, LOTFI 
CF202,Pratique de la paie, BOUFARES 
CF202,Culture entrepreneuriale, ESSADIK 
CF202,Compétences comportementales, BENNANI 
CF203,Droit des affaires, NABIL 
CF203,Anglais technique, BOUZIAN 
CF203,Français, ATID 
CF203,Entrepreneuriat-PIE 2,
CF203,Culture et techniques avancées du numérique, TRANKILO 
CF203,Analyse financière, BOUFARES 
CF203,Contrôle de gestion- budgets et tableau de bord, LAZREK 
CF203,Fiscalité de l'entreprise, LOTFI 
CF203,Comptabilité approfondie, LAZREK 
CF203,Contrôle de gestion - Comptabilité analytique d'exploitation , LOTFI 
CF203,Bureautique avancée, TRANKILO 
CF203,Mathématiques financières, LOTFI 
CF203,Pratique de la paie, BOUFARES 
CF203,Culture entrepreneuriale, ESSADIK 
CF203,Compétences comportementales, BENNANI 
CM201,Management de la force de vente, MOUSSADDAD 
CM201,Marketing international, ZAITOUR 
CM201,Logiciel Sphinx, EL ARCHI 
CM201,Merchandising, ZAITOUR 
CM201,Marketing digital , MERS 
CM201,Gestion des approvisionnements, ESSAKHI 
CM201,Techniques de vente et de négociation, ZAITOUR 
CM201,E-commerce, MOUSSADDAD 
CM201,Trade marketing, ZAITOUR 
CM201,Bureautique, TRANKILO 
CM201,Anglais technique, BOUZIAN 
CM201,Droit du travail , ESSAKHI 
CM201,Droit commercial, LOUAIDI 
CM201,Français, ATID 
CM201,Culture et techniques avancées du numérique, TRANKILO 
CM201,Entrepreneuriat-PIE 2,
CM201,Culture entrepreneuriale, ESSAKHI 
CM201,Compétences comportementales, BENNANI 
CM202,Management de la force de vente, MOUSSADDAD 
CM202,Marketing international, ZAITOUR 
CM202,Logiciel Sphinx, EL ARCHI 
CM202,Merchandising, ZAITOUR 
CM202,Marketing digital , MERS 
CM202,Gestion des approvisionnements, ESSAKHI 
CM202,Techniques de vente et de négociation, ZAITOUR 
CM202,E-commerce, MOUSSADDAD 
CM202,Trade marketing, ZAITOUR 
CM202,Bureautique, TRANKILO 
CM202,Anglais technique, BOUZIAN 
CM202,Droit du travail , ESSAKHI 
CM202,Droit commercial, LOUAIDI 
CM202,Français, ATID 
CM202,Culture et techniques avancées du numérique, TRANKILO 
CM202,Entrepreneuriat-PIE 2,
CM202,Culture entrepreneuriale, ESSAKHI 
CM202,Compétences comportementales, BENNANI 
CM301,Français, ATID 
CM301,Anglais technique, BOUZIAN 
CM301,Compétences comportementales, BENNANI 
CM301,Simulation d'entreprise, MAOUJOUD 
CM301,"Stage de fin de formation	", ZAITOUR 
CM301,Techniques du commerce international, ZAITOUR 
CM301,Management de la relation client, MERS 
CM302,Français, ATID 
CM302,Anglais technique, BOUZIAN 
CM302,Compétences comportementales, BENNANI 
CM302,Simulation d'entreprise, CHAKIK 
CM302,"Stage de fin de formation	", ZAITOUR 
CM302,Techniques du commerce international, ALAOUI 
CM302,Management de la relation client, MOUSSADDAD 
CM303,Français, ATID 
CM303,Anglais technique, BOUZIAN 
CM303,Compétences comportementales, BENNANI 
CM303,Simulation d'entreprise, RAHIBI 
CM303,"Stage de fin de formation	", MOUSSADDAD 
CM303,Techniques du commerce international, ZAITOUR 
CM303,Management de la relation client, MOUSSADDAD 
CMOSE101,Préparation à la certification Excel intermédiaire, TRANKILO 
CMOSE102,Préparation à la certification Excel intermédiaire, TRANKILO 
CMOSE103,Préparation à la certification Excel intermédiaire, TRANKILO 
CMOSE104,Préparation à la certification Excel intermédiaire, TRANKILO 
CMOSE105,Préparation à la certification Excel intermédiaire, TRANKILO 
CMOSE106,Préparation à la certification Excel intermédiaire, TRANKILO 
CMOSE107,Préparation à la certification Excel intermédiaire, TRANKILO 
CMOSE108,Préparation à la certification Excel intermédiaire, TRANKILO 
CMOSE109,Préparation à la certification Excel intermédiaire, TRANKILO 
CMOSE110,Préparation à la certification Excel intermédiaire, TRANKILO 
CMOSW101,Préparation à la certification Word intermédiaire, TRANKILO 
CMOSW102,Préparation à la certification Word intermédiaire, TRANKILO 
CMOSW103,Préparation à la certification Word intermédiaire, TRANKILO 
CMOSW104,Préparation à la certification Word intermédiaire, TRANKILO 
CMOSW105,Préparation à la certification Word intermédiaire, TRANKILO 
CMOSW106,Préparation à la certification Word intermédiaire, TRANKILO 
CMOSW107,Préparation à la certification Word intermédiaire, TRANKILO 
CMOSW108,Préparation à la certification Word intermédiaire, TRANKILO 
CMOSW109,Préparation à la certification Word intermédiaire, TRANKILO 
CMOSW110,Préparation à la certification Word intermédiaire, TRANKILO 
GE101,Culture entrepreneuriale, ESSAKHI 
GE101,Métier et formation, MOUSSADDAD 
GE101,Entrepreneuriat-PIE 1,
GE101,Compétences comportementales, BENNANI 
GE101,Culture et techniques avancées du numérique, TRANKILO 
GE101,Arabe, KHATTABI 
GE101,Gestion électronique des données, NAJAH 
GE101,Ecrits professionnels, BENNANI 
GE101,Droit fondamental, MESKINI 
GE101,Statistique, BOUFARES 
GE101,Management des organisations, MOUSSADDAD 
GE101,Comptabilité générale 2, HAMEDDINE 
GE101,"Logiciel de Gestion Commerciale, Comptable", AMISSI 
GE101,Comptabilité générale 1, HAMEDDINE 
GE101,Français, BENZAKOUR 
GE101,Marketing, MERS 
GE101,Anglais technique, BOUZIAN 
GE102,Culture entrepreneuriale, ESSAKHI 
GE102,Métier et formation, MOUSSADDAD 
GE102,Entrepreneuriat-PIE 1,
GE102,Compétences comportementales, BENNANI 
GE102,Culture et techniques avancées du numérique, TRANKILO 
GE102,Arabe, KHATTABI 
GE102,Gestion électronique des données, NAJAH 
GE102,Ecrits professionnels, BENNANI 
GE102,Droit fondamental, MESKINI 
GE102,Statistique, BOUFARES 
GE102,Management des organisations, MOUSSADDAD 
GE102,Comptabilité générale 2, BOUSRY 
GE102,"Logiciel de Gestion Commerciale, Comptable", AMISSI 
GE102,Comptabilité générale 1, BOUSRY 
GE102,Français, BENZAKOUR 
GE102,Marketing, MERS 
GE102,Anglais technique, BOUZIAN 
GE103,Culture entrepreneuriale, ESSAKHI 
GE103,Métier et formation, BOUFARES 
GE103,Entrepreneuriat-PIE 1,
GE103,Compétences comportementales, BENNANI 
GE103,Culture et techniques avancées du numérique, TRANKILO 
GE103,Arabe, KHATTABI 
GE103,Gestion électronique des données, BOUTAYEB 
GE103,Ecrits professionnels, BENNANI 
GE103,Droit fondamental, MESKINI 
GE103,Statistique, BOUFARES 
GE103,Management des organisations, MOUSSADDAD 
GE103,Comptabilité générale 2, BOUSRY 
GE103,"Logiciel de Gestion Commerciale, Comptable", AMISSI 
GE103,Comptabilité générale 1, HAMDI 
GE103,Français, BENZAKOUR 
GE103,Marketing, MERS 
GE103,Anglais technique, BOUZIAN 
GE104,Culture entrepreneuriale, ESSAKHI 
GE104,Métier et formation, BOUFARES 
GE104,Entrepreneuriat-PIE 1,
GE104,Compétences comportementales, BENNANI 
GE104,Culture et techniques avancées du numérique, TRANKILO 
GE104,Arabe, KHATTABI 
GE104,Gestion électronique des données, BOUTAYEB 
GE104,Ecrits professionnels, BENNANI 
GE104,Droit fondamental, MESKINI 
GE104,Statistique, BOUFARES 
GE104,Management des organisations, MOUSSADDAD 
GE104,Comptabilité générale 2, BOUSRY 
GE104,"Logiciel de Gestion Commerciale, Comptable", AMISSI 
GE104,Comptabilité générale 1, JARMOUZE 
GE104,Français, BENZAKOUR 
GE104,Marketing, MERS 
GE104,Anglais technique, BOUZIAN 
GE105,Culture entrepreneuriale, ESSAKHI 
GE105,Métier et formation, MOUSSADDAD 
GE105,Entrepreneuriat-PIE 1,
GE105,Compétences comportementales, BENNANI 
GE105,Culture et techniques avancées du numérique, TRANKILO 
GE105,Arabe, KHATTABI 
GE105,Gestion électronique des données, BOUTAYEB 
GE105,Ecrits professionnels, BENNANI 
GE105,Droit fondamental, MESKINI 
GE105,Statistique, NABIL 
GE105,Management des organisations, MOUSSADDAD 
GE105,Comptabilité générale 2, NABIL 
GE105,"Logiciel de Gestion Commerciale, Comptable", AMISSI 
GE105,Comptabilité générale 1, SERRAKH 
GE105,Français, ATID 
GE105,Marketing, MERS 
GE105,Anglais technique, BOUZIAN 
GE106,Culture entrepreneuriale, ESSAKHI 
GE106,Métier et formation, BOUFARES 
GE106,Entrepreneuriat-PIE 1,
GE106,Compétences comportementales, BENNANI 
GE106,Culture et techniques avancées du numérique, TRANKILO 
GE106,Arabe, KHATTABI 
GE106,Gestion électronique des données, EL ARCHI 
GE106,Ecrits professionnels, CHAKIK 
GE106,Droit fondamental, MESKINI 
GE106,Statistique, NABIL 
GE106,Management des organisations, MOUSSADDAD 
GE106,Comptabilité générale 2, BOUSRY 
GE106,"Logiciel de Gestion Commerciale, Comptable", HAMDI 
GE106,Comptabilité générale 1, BANAILLE 
GE106,Français, ATID 
GE106,Marketing, MERS 
GE106,Anglais technique, BOUZIAN 
GE107,Culture entrepreneuriale, ESSAKHI 
GE107,Métier et formation, BOUFARES 
GE107,Entrepreneuriat-PIE 1,
GE107,Compétences comportementales, BENNANI 
GE107,Culture et techniques avancées du numérique, TRANKILO 
GE107,Arabe, KHATTABI 
GE107,Gestion électronique des données,  EL BERCHAGHI  
GE107,Ecrits professionnels, CHAKIK 
GE107,Droit fondamental, AYMAN 
GE107,Statistique, BOUCHABLA 
GE107,Management des organisations, MOUSSADDAD 
GE107,Comptabilité générale 2, NABIL 
GE107,"Logiciel de Gestion Commerciale, Comptable", HAMDI 
GE107,Comptabilité générale 1, BOUFARES 
GE107,Français, ATID 
GE107,Marketing, MERS 
GE107,Anglais technique, BOUZIAN 
GE108,Culture entrepreneuriale, ESSAKHI 
GE108,Métier et formation, BOUFARES 
GE108,Entrepreneuriat-PIE 1,
GE108,Compétences comportementales, BENNANI 
GE108,Culture et techniques avancées du numérique, TRANKILO 
GE108,Arabe, KHATTABI 
GE108,Gestion électronique des données,  EL BERCHAGHI  
GE108,Ecrits professionnels, LOTFI 
GE108,Droit fondamental, AYMAN 
GE108,Statistique, BOUCHABLA 
GE108,Management des organisations, LOUAIDI 
GE108,Comptabilité générale 2, NABIL 
GE108,"Logiciel de Gestion Commerciale, Comptable", HAMDI 
GE108,Comptabilité générale 1, LOTFI 
GE108,Français, MANAR 
GE108,Marketing, ZAITOUR 
GE108,Anglais technique, BOUZIAN 
GE109,Culture entrepreneuriale, ESSAKHI 
GE109,Métier et formation, BOUFARES 
GE109,Entrepreneuriat-PIE 1,
GE109,Compétences comportementales, BENNANI 
GE109,Culture et techniques avancées du numérique, TRANKILO 
GE109,Arabe, KHATTABI 
GE109,Gestion électronique des données,  EL BERCHAGHI  
GE109,Ecrits professionnels, LOTFI 
GE109,Droit fondamental, AYMAN 
GE109,Statistique, BANAILLE 
GE109,Management des organisations, LOUAIDI 
GE109,Comptabilité générale 2, BOUCHABLA 
GE109,"Logiciel de Gestion Commerciale, Comptable", HAMDI 
GE109,Comptabilité générale 1, BOUCHABLA 
GE109,Français, MANAR 
GE109,Marketing, ZAITOUR 
GE109,Anglais technique, BOUZIAN 
GEOCF301,Compétences comportementales, BENNANI 
GEOCF301,Anglais technique, BOUZIAN 
GEOCF301,Français, MANAR 
GEOCF301,stage en milieu professionnel, LAZREK 
GEOCF301,Audit comptable et financier, LAZREK 
GEOCF301,Logiciel de gestion des immobilisations des déclarations fiscales, BAHIJ 
GEOCF301,Normes comptables internationales, LAZREK 
GEOCF301,Simulation de gestion d'entreprise, MESKINI 
GEOCF302,Compétences comportementales, BENNANI 
GEOCF302,Anglais technique, BOUZIAN 
GEOCF302,Français, BENZAKOUR 
GEOCF302,stage en milieu professionnel, LAZREK 
GEOCF302,Audit comptable et financier, LAZREK 
GEOCF302,Logiciel de gestion des immobilisations des déclarations fiscales, BAHIJ 
GEOCF302,Normes comptables internationales, LAZREK 
GEOCF302,Simulation de gestion d'entreprise, MESKINI 
GEOCF303,Compétences comportementales, BENNANI 
GEOCF303,Anglais technique, BOUZIAN 
GEOCF303,Français, BENZAKOUR 
GEOCF303,stage en milieu professionnel, LAZREK 
GEOCF303,Audit comptable et financier, LAZREK 
GEOCF303,Logiciel de gestion des immobilisations des déclarations fiscales, BAHIJ 
GEOCF303,Normes comptables internationales, LAZREK 
GEOCF303,Simulation de gestion d'entreprise, MESKINI 
GEORH_TS201,Compétences comportementales, BENNANI 
GEORH_TS201,Culture entrepreneuriale, ESSAKHI 
GEORH_TS201,Droit social, NABIL 
GEORH_TS201,Culture et techniques avancées du numérique, TRANKILO 
GEORH_TS201,Français, MANAR 
GEORH_TS201,Pratique de la paie, BOUSRY 
GEORH_TS201,Gestion administative du personnel, BOUSRY 
GEORH_TS201,GRH, BAKHOUCH 
GEORH_TS201,Contrôle de gestion, BAHIJ 
GEORH_TS201,Gestion prévisionnelle des emplois et des compétences, MAOUJOUD 
GEORH_TS201,Gestion financière, BOUFARES 
GEORH_TS201,Anglais technique, BOUZIAN 
GEORH_TS301,"Stage de fin de formation	", NABIL 
GEORH_TS301,Anglais technique, BOUZIAN 
GEORH_TS301,Français, SANAR 
GEORH_TS301,Responsabilité sociétale et environnementale de l'entreprise, BAKHOUCH 
GEORH_TS301,Compétences comportementales, MANAR 
GEORH_TS301,Simulation de gestion d'entreprise, KHALIL 
GEORH_TS301,Gestion de projet, BAKHOUCH 
AAOC_T201,Approvisionnements, BOUSRY 
AAOC_T201,Techniques de vente et négociation , LOUAIDI 
AAOC_T201,Merchandising, ALAOUI 
AAOC_T201,Marketing approfondi , ZAITOUR 
AAOC_T201,Gestion et animation du point de Vente, LOUAIDI 
AAOC_T201,Marketing de la grande distribution , ZAITOUR 
AAOC_T201,Droit Commercial , LOUAIDI 
AAOC_T201,Droit du Travail , ESSAKHI 
AAOC_T201,Bureautique , TRANKILO 
AAOC_T201,E-marketing, KHALIL 
AAOC_T201,E-commerce, KHALIL 
AAOC_T201,Culture et techniques avancées du numérique, TRANKILO 
AAOC_T201,Compétences comportementales, BENNANI 
AAOC_T201,Anglais technique, BOUZIAN 
AAOC_T201,Français, MANAR 
AAOC_T201,Culture entrepreneuriale, BANAILLE 
GEORH_TS302,"Stage de fin de formation	", LOUAIDI 
GEORH_TS302,Anglais technique, BOUZIAN 
GEORH_TS302,Français, SANAR 
GEORH_TS302,Responsabilité sociétale et environnementale de l'entreprise, BAKHOUCH 
GEORH_TS302,Compétences comportementales, MANAR 
GEORH_TS302,Simulation de gestion d'entreprise, SERRAKH 
GEORH_TS302,Gestion de projet, SERRAKH 
AAOC_T202,Approvisionnements, BOUSRY 
AAOC_T202,Techniques de vente et négociation , LOUAIDI 
AAOC_T202,Merchandising, ALAOUI 
AAOC_T202,Marketing approfondi , ZAITOUR 
AAOC_T202,Gestion et animation du point de Vente, LOUAIDI 
AAOC_T202,Marketing de la grande distribution , ZAITOUR 
AAOC_T202,Droit Commercial , LOUAIDI 
AAOC_T202,Droit du Travail , ESSAKHI 
AAOC_T202,Bureautique , TRANKILO 
AAOC_T202,E-marketing, KHALIL 
AAOC_T202,E-commerce, KHALIL 
AAOC_T202,Culture et techniques avancées du numérique, TRANKILO 
AAOC_T202,Compétences comportementales, BENNANI 
AAOC_T202,Anglais technique, BOUZIAN 
GEORH_TS302,Français, MANAR 
AAOC_T202,Culture entrepreneuriale, BANAILLE 
