hajar,1anne,DEV,20,DEV103,1
ibrahim,2A,GE,20,GE101,1
said ,2A,ID,20,ID101,1
khadija ,1A,TSM,20,TSM201,1
anas,2A,DEVOWFS,20,DEVOWFS204,1
aya ,1A,GEOCF,20,GEOCF301,1
yassmine,2A,IDOSR,20,IDOSR201,1
bassma,1A,GEOCM,20,GEOCM201,1
ilham,2A,DEV,20,DEV103,2
mohammad,1A,GE,20,GE101,2
zaid ,1A,ID,20,ID101,2
abdrezzaak,2A,TSM,20,TSM201,2
manal,2A,DEVOWFS,20,DEVOWFS204,2
abdrhman,1A,GEOCF,20,GEOCF301,2
ismail,2A,IDOSR,20,IDOSR201,2
omar,2A,GEOCM,20,GEOCM201,2
hamid ,1A,DEV,20,DEV103,3
ali,1A,GE,20,GE101,3
salma ,2A,ID,20,ID101,3
sara,1A,TSM,20,TSM201,3
hafsa,2A,DEVOWFS,20,DEVOWFS204,3
taha,1A,GEOCF,20,GEOCF301,3
yassine ,2A,IDOSR,20,IDOSR201,3
rajaa,1A,GEOCM,20,GEOCM201,3
asmaa,2A,DEV,20,DEV103,4
badr,1A,GE,20,GE101,4
ilyass,2A,ID,20,ID101,4
aimen,1A,TSM,20,TSM201,4
Zahra,2A,DEVOWFS,20,DEVOWFS204,4
fatima,1A,GEOCF,20,GEOCF301,4
oumima,2A,IDOSR,20,IDOSR201,4
manal,1A,GEOCM,20,GEOCM201,4
fatima,2A,DEV,20,DEV103,5
imane,1A,GE,20,GE101,5
marwa,2A,ID,20,ID101,5
houda,1A,TSM,20,TSM201,5
ghita,2A,DEVOWFS,20,DEVOWFS204,5
hourya,1A,GEOCF,20,GEOCF301,5
ouiaam,2A,IDOSR,20,IDOSR201,5
nour,1A,GEOCM,20,GEOCM201,5
doha,2A,DEV,20,DEV103,6
laila,1A,GE,20,GE101,6
ikram,2A,ID,20,ID101,6
khansaa,1A,TSM,20,TSM201,6
hiba,2A,DEVOWFS,20,DEVOWFS204,6
dounia,1A,GEOCF,20,GEOCF301,6
amina,2A,IDOSR,20,IDOSR201,6
jannat ,1A,GEOCM,20,GEOCM201,6
ikhlass,2A,DEV,20,DEV103,7
rawwaa,1A,GE,20,GE101,7
alaa,2A,ID,20,ID101,7
zakaria,1A,TSM,20,TSM201,7
amine,2A,DEVOWFS,20,DEVOWFS204,7
amir,1A,GEOCF,20,GEOCF301,7
amira,2A,IDOSR,20,IDOSR201,7
mariem,1A,GEOCM,20,GEOCM201,7
